-- create database SQL_Project;
use SQL_Project;
create table Customers (
customer_id int primary key,
name varchar(30),
email varchar(50),
location varchar(50)
);


create table Product(
product_id int primary key,
name varchar(50),
category varchar(30),
price decimal(10,2)
);


create table Orders(
order_id int primary key,
customer_id int,
order_date date,
total_amount decimal(10,2),
foreign key(customer_id) references Customers(customer_id)
);


create table Orderitems(
item_id int primary key,
order_id int,
product_id int,
quantity int,
foreign key(order_id) references Orders(order_id),
foreign key(product_id) references Product(product_id)
);


INSERT INTO Customers (customer_id, name, email, location) VALUES
(1, 'John Doe', 'john1@example.com', 'New York'),
(2, 'Jane Smith', 'jane2@example.com', 'Los Angeles'),
(3, 'Alice Johnson', 'alice3@example.com', 'Chicago'),
(4, 'Bob Brown', 'bob4@example.com', 'Houston'),
(5, 'Charlie Davis', 'charlie5@example.com', 'Phoenix'),
(6, 'Diana Clark', 'diana6@example.com', 'Philadelphia'),
(7, 'Ethan Lewis', 'ethan7@example.com', 'San Antonio'),
(8, 'Fiona Walker', 'fiona8@example.com', 'San Diego'),
(9, 'George Hall', 'george9@example.com', 'Dallas'),
(10, 'Hannah Young', 'hannah10@example.com', 'San Jose'),
(11, 'Isaac Allen', 'isaac11@example.com', 'Austin'),
(12, 'Jasmine King', 'jasmine12@example.com', 'Jacksonville'),
(13, 'Kevin Scott', 'kevin13@example.com', 'Fort Worth'),
(14, 'Laura Adams', 'laura14@example.com', 'Columbus'),
(15, 'Mike Nelson', 'mike15@example.com', 'Charlotte'),
(16, 'Nina Mitchell', 'nina16@example.com', 'San Francisco'),
(17, 'Oscar Perez', 'oscar17@example.com', 'Indianapolis'),
(18, 'Paula Roberts', 'paula18@example.com', 'Seattle'),
(19, 'Quincy Turner', 'quincy19@example.com', 'Denver'),
(20, 'Rachel Phillips', 'rachel20@example.com', 'Washington'),
(21, 'Sam Parker', 'sam21@example.com', 'Boston'),
(22, 'Tina Evans', 'tina22@example.com', 'El Paso'),
(23, 'Umar Edwards', 'umar23@example.com', 'Nashville'),
(24, 'Vera Collins', 'vera24@example.com', 'Detroit'),
(25, 'Will Morris', 'will25@example.com', 'Oklahoma City'),
(26, 'Xena Rogers', 'xena26@example.com', 'Portland'),
(27, 'Yusuf Bailey', 'yusuf27@example.com', 'Las Vegas'),
(28, 'Zara Cox', 'zara28@example.com', 'Memphis'),
(29, 'Adam Reed', 'adam29@example.com', 'Louisville'),
(30, 'Bella Ward', 'bella30@example.com', 'Baltimore'),
(31, 'Caleb Jenkins', 'caleb31@example.com', 'Milwaukee'),
(32, 'Dana Barnes', 'dana32@example.com', 'Albuquerque'),
(33, 'Eli Powell', 'eli33@example.com', 'Tucson'),
(34, 'Faith Long', 'faith34@example.com', 'Fresno'),
(35, 'Gavin Patterson', 'gavin35@example.com', 'Sacramento'),
(36, 'Hazel Hughes', 'hazel36@example.com', 'Mesa'),
(37, 'Ian Rivera', 'ian37@example.com', 'Kansas City'),
(38, 'Jade Price', 'jade38@example.com', 'Atlanta'),
(39, 'Kyle Bennett', 'kyle39@example.com', 'Omaha'),
(40, 'Lily Wood', 'lily40@example.com', 'Colorado Springs'),
(41, 'Mason Brooks', 'mason41@example.com', 'Raleigh'),
(42, 'Nora Gray', 'nora42@example.com', 'Miami'),
(43, 'Owen Kelly', 'owen43@example.com', 'Virginia Beach'),
(44, 'Penny Cooper', 'penny44@example.com', 'Oakland'),
(45, 'Quinn Richardson', 'quinn45@example.com', 'Minneapolis'),
(46, 'Ruby Cox', 'ruby46@example.com', 'Tulsa'),
(47, 'Sean Howard', 'sean47@example.com', 'Arlington'),
(48, 'Tara Ward', 'tara48@example.com', 'New Orleans'),
(49, 'Uma Simmons', 'uma49@example.com', 'Wichita'),
(50, 'Victor Foster', 'victor50@example.com', 'Cleveland');

INSERT INTO Product (product_id, name, category, price) VALUES
(101, 'Laptop', 'Electronics', 75000.00),
(102, 'Smartphone', 'Electronics', 50000.00),
(103, 'Tablet', 'Electronics', 30000.00),
(104, 'Monitor', 'Electronics', 15000.00),
(105, 'Keyboard', 'Accessories', 1200.00),
(106, 'Mouse', 'Accessories', 800.00),
(107, 'Printer', 'Electronics', 8500.00),
(108, 'Scanner', 'Electronics', 6000.00),
(109, 'Desk Chair', 'Furniture', 4500.00),
(110, 'Office Desk', 'Furniture', 9500.00),
(111, 'Webcam', 'Accessories', 2500.00),
(112, 'Speakers', 'Accessories', 3500.00),
(113, 'Headphones', 'Accessories', 3000.00),
(114, 'Router', 'Electronics', 2200.00),
(115, 'External HDD', 'Storage', 4000.00),
(116, 'USB Drive 64GB', 'Storage', 700.00),
(117, 'Power Bank', 'Accessories', 1800.00),
(118, 'Projector', 'Electronics', 25000.00),
(119, 'Air Conditioner', 'Appliances', 38000.00),
(120, 'Refrigerator', 'Appliances', 42000.00),
(121, 'Washing Machine', 'Appliances', 30000.00),
(122, 'Smart Watch', 'Electronics', 15000.00),
(123, 'Fitness Band', 'Electronics', 4000.00),
(124, 'Bluetooth Speaker', 'Accessories', 2800.00),
(125, 'LED TV 32"', 'Electronics', 17000.00),
(126, 'LED TV 50"', 'Electronics', 35000.00),
(127, 'Coffee Maker', 'Appliances', 5500.00),
(128, 'Microwave Oven', 'Appliances', 9000.00),
(129, 'Toaster', 'Appliances', 2000.00),
(130, 'Water Purifier', 'Appliances', 10500.00),
(131, 'Smart Light', 'Electronics', 1500.00),
(132, 'Electric Kettle', 'Appliances', 2500.00),
(133, 'Smart Plug', 'Electronics', 1200.00),
(134, 'Laptop Stand', 'Accessories', 1300.00),
(135, 'Mobile Stand', 'Accessories', 500.00),
(136, 'Camera DSLR', 'Electronics', 55000.00),
(137, 'Tripod', 'Accessories', 1500.00),
(138, 'Memory Card 128GB', 'Storage', 1200.00),
(139, 'Graphics Card', 'Electronics', 30000.00),
(140, 'Game Console', 'Electronics', 45000.00),
(141, 'Gaming Mouse', 'Accessories', 3200.00),
(142, 'Gaming Keyboard', 'Accessories', 4000.00),
(143, 'VR Headset', 'Electronics', 60000.00),
(144, 'Drone Camera', 'Electronics', 80000.00),
(145, 'Network Switch', 'Electronics', 7000.00),
(146, 'Ethernet Cable', 'Accessories', 300.00),
(147, 'Power Strip', 'Accessories', 900.00),
(148, 'Ink Cartridge', 'Accessories', 1000.00),
(149, 'Whiteboard', 'Furniture', 2500.00),
(150, 'Office Lamp', 'Furniture', 1800.00);


INSERT INTO Orders (order_id, customer_id, order_date, total_amount) VALUES
(5001, 1, '2024-06-25', 150000.00),
(5002, 2, '2024-06-24', 120000.00),
(5003, 3, '2024-06-23', 90000.00),
(5004, 4, '2024-06-22', 45000.00),
(5005, 5, '2024-06-21', 50000.00),
(5006, 6, '2024-06-20', 62000.00),
(5007, 7, '2024-06-19', 30000.00),
(5008, 8, '2024-06-18', 98000.00),
(5009, 9, '2024-06-17', 40000.00),
(5010, 10, '2024-06-16', 20000.00),
(5011, 11, '2024-06-15', 25000.00),
(5012, 12, '2024-06-14', 80000.00),
(5013, 13, '2024-06-13', 30000.00),
(5014, 14, '2024-06-12', 15000.00),
(5015, 15, '2024-06-11', 60000.00),
(5016, 16, '2024-06-10', 100000.00),
(5017, 17, '2024-06-09', 40000.00),
(5018, 18, '2024-06-08', 55000.00),
(5019, 19, '2024-06-07', 37000.00),
(5020, 20, '2024-06-06', 70000.00),
(5021, 21, '2024-06-05', 90000.00),
(5022, 22, '2024-06-04', 110000.00),
(5023, 23, '2024-06-03', 75000.00),
(5024, 24, '2024-06-02', 95000.00),
(5025, 25, '2024-06-01', 115000.00),
(5026, 26, '2024-05-31', 67000.00),
(5027, 27, '2024-05-30', 42000.00),
(5028, 28, '2024-05-29', 58000.00),
(5029, 29, '2024-05-28', 47000.00),
(5030, 30, '2024-05-27', 89000.00),
(5031, 31, '2024-05-26', 32000.00),
(5032, 32, '2024-05-25', 10000.00),
(5033, 33, '2024-05-24', 15000.00),
(5034, 34, '2024-05-23', 21000.00),
(5035, 35, '2024-05-22', 49000.00),
(5036, 36, '2024-05-21', 73000.00),
(5037, 37, '2024-05-20', 66000.00),
(5038, 38, '2024-05-19', 140000.00),
(5039, 39, '2024-05-18', 160000.00),
(5040, 40, '2024-05-17', 87000.00),
(5041, 41, '2024-05-16', 56000.00),
(5042, 42, '2024-05-15', 135000.00),
(5043, 43, '2024-05-14', 99000.00),
(5044, 44, '2024-05-13', 34000.00),
(5045, 45, '2024-05-12', 79000.00),
(5046, 46, '2024-05-11', 42000.00),
(5047, 47, '2024-05-10', 11000.00),
(5048, 48, '2024-05-09', 125000.00),
(5049, 49, '2024-05-08', 68000.00),
(5050, 50, '2024-05-07', 72000.00);

INSERT INTO OrderItems (item_id, order_id, product_id, quantity) VALUES
(1, 5001, 101, 2),
(2, 5002, 102, 1),
(3, 5003, 103, 3),
(4, 5004, 104, 1),
(5, 5005, 105, 4),
(6, 5006, 106, 2),
(7, 5007, 107, 1),
(8, 5008, 108, 2),
(9, 5009, 109, 1),
(10, 5010, 110, 1),
(11, 5011, 111, 3),
(12, 5012, 112, 2),
(13, 5013, 113, 1),
(14, 5014, 114, 2),
(15, 5015, 115, 1),
(16, 5016, 116, 5),
(17, 5017, 117, 2),
(18, 5018, 118, 1),
(19, 5019, 119, 1),
(20, 5020, 120, 1),
(21, 5021, 121, 1),
(22, 5022, 122, 1),
(23, 5023, 123, 2),
(24, 5024, 124, 1),
(25, 5025, 125, 1),
(26, 5026, 126, 1),
(27, 5027, 127, 1),
(28, 5028, 128, 2),
(29, 5029, 129, 3),
(30, 5030, 130, 1),
(31, 5031, 131, 2),
(32, 5032, 132, 1),
(33, 5033, 133, 1),
(34, 5034, 134, 2),
(35, 5035, 135, 4),
(36, 5036, 136, 1),
(37, 5037, 137, 2),
(38, 5038, 138, 3),
(39, 5039, 139, 1),
(40, 5040, 140, 1),
(41, 5041, 141, 2),
(42, 5042, 142, 1),
(43, 5043, 143, 1),
(44, 5044, 144, 1),
(45, 5045, 145, 2),
(46, 5046, 146, 3),
(47, 5047, 147, 1),
(48, 5048, 148, 2),
(49, 5049, 149, 1),
(50, 5050, 150, 1);



